"TimeCreated","AppDomain","EventID"
"9/6/2018 11:20:19 PM","DefaultAppDomain","53504"
"9/6/2018 10:31:01 PM","DefaultAppDomain","53504"
"9/6/2018 10:31:00 PM","DefaultAppDomain","53504"
"9/6/2018 10:30:08 PM","DefaultAppDomain","53504"
"9/6/2018 10:30:02 PM","DefaultAppDomain","53504"
"9/6/2018 7:26:32 PM","DefaultAppDomain","53504"
"9/6/2018 4:58:42 PM","DefaultAppDomain","53504"
"9/6/2018 3:40:37 PM","DefaultAppDomain","53504"
"9/6/2018 3:09:13 PM","DefaultAppDomain","53504"
"9/6/2018 9:53:21 AM","DefaultAppDomain","53504"
"9/5/2018 3:38:47 PM","DefaultAppDomain","53504"
"9/5/2018 3:36:11 PM","DefaultAppDomain","53504"
"9/5/2018 2:18:02 PM","DefaultAppDomain","53504"
"9/5/2018 2:04:21 PM","DefaultAppDomain","53504"
"9/5/2018 2:01:35 PM","DefaultAppDomain","53504"
"9/5/2018 12:04:21 AM","DefaultAppDomain","53504"
"9/5/2018 12:03:06 AM","DefaultAppDomain","53504"
"9/3/2018 3:44:21 PM","DefaultAppDomain","53504"
"9/3/2018 3:41:42 PM","DefaultAppDomain","53504"
"9/1/2018 7:41:13 PM","DefaultAppDomain","53504"
"9/1/2018 7:25:07 PM","DefaultAppDomain","53504"
"8/31/2018 8:08:18 PM","DefaultAppDomain","53504"
"8/31/2018 6:01:51 PM","DefaultAppDomain","53504"
"8/31/2018 3:31:23 AM","DefaultAppDomain","53504"
"8/31/2018 3:23:23 AM","DefaultAppDomain","53504"
"8/31/2018 3:14:42 AM","DefaultAppDomain","53504"
"8/31/2018 2:55:19 AM","DefaultAppDomain","53504"
"8/31/2018 2:08:47 AM","DefaultAppDomain","53504"
"8/31/2018 2:06:56 AM","DefaultAppDomain","53504"
"8/31/2018 12:45:27 AM","DefaultAppDomain","53504"
"8/30/2018 11:40:43 PM","DefaultAppDomain","53504"
"8/30/2018 11:40:20 PM","DefaultAppDomain","53504"
"8/30/2018 8:31:16 PM","DefaultAppDomain","53504"
"8/30/2018 8:31:06 PM","DefaultAppDomain","53504"
"8/30/2018 6:43:46 PM","DefaultAppDomain","53504"
"8/30/2018 6:43:38 PM","DefaultAppDomain","53504"
"8/30/2018 3:13:48 PM","DefaultAppDomain","53504"
"8/30/2018 9:20:53 AM","DefaultAppDomain","53504"
"8/30/2018 6:34:02 AM","DefaultAppDomain","53504"
"8/30/2018 6:16:31 AM","DefaultAppDomain","53504"
"8/28/2018 11:32:57 PM","DefaultAppDomain","53504"
"8/28/2018 11:21:25 PM","DefaultAppDomain","53504"
"8/28/2018 10:00:01 PM","DefaultAppDomain","53504"
"8/28/2018 8:59:09 PM","DefaultAppDomain","53504"
"8/28/2018 8:58:39 PM","DefaultAppDomain","53504"
"8/28/2018 8:58:22 PM","DefaultAppDomain","53504"
"8/28/2018 5:42:49 PM","DefaultAppDomain","53504"
"8/28/2018 5:42:36 PM","DefaultAppDomain","53504"
"8/25/2018 12:50:28 AM","DefaultAppDomain","53504"
"8/25/2018 12:33:06 AM","DefaultAppDomain","53504"
"8/24/2018 11:52:17 PM","DefaultAppDomain","53504"
"8/24/2018 11:30:01 PM","DefaultAppDomain","53504"
"8/23/2018 7:22:30 AM","DefaultAppDomain","53504"
"8/22/2018 12:48:00 AM","DefaultAppDomain","53504"
"8/17/2018 6:51:07 AM","DefaultAppDomain","53504"
"8/17/2018 6:10:11 AM","DefaultAppDomain","53504"
"8/17/2018 5:57:22 AM","DefaultAppDomain","53504"
"8/17/2018 4:04:37 AM","DefaultAppDomain","53504"
"8/17/2018 4:04:21 AM","DefaultAppDomain","53504"
"8/17/2018 4:03:55 AM","DefaultAppDomain","53504"
"8/17/2018 4:02:48 AM","DefaultAppDomain","53504"
"8/16/2018 7:14:47 PM","DefaultAppDomain","53504"
"8/16/2018 7:10:34 PM","DefaultAppDomain","53504"
"8/16/2018 7:21:59 AM","DefaultAppDomain","53504"
"8/15/2018 7:10:04 PM","DefaultAppDomain","53504"
"8/15/2018 7:07:10 PM","DefaultAppDomain","53504"
"8/15/2018 6:42:09 PM","DefaultAppDomain","53504"
"8/15/2018 6:39:41 PM","DefaultAppDomain","53504"
"8/15/2018 6:37:20 PM","DefaultAppDomain","53504"
"8/15/2018 6:37:18 PM","DefaultAppDomain","53504"
"8/15/2018 6:37:17 PM","DefaultAppDomain","53504"
"8/15/2018 6:37:14 PM","DefaultAppDomain","53504"
"8/15/2018 6:37:10 PM","DefaultAppDomain","53504"
"8/15/2018 6:37:07 PM","DefaultAppDomain","53504"
"8/15/2018 6:37:04 PM","DefaultAppDomain","53504"
"8/15/2018 6:36:16 PM","DefaultAppDomain","53504"
"8/15/2018 6:31:49 PM","DefaultAppDomain","53504"
"8/15/2018 6:24:44 PM","DefaultAppDomain","53504"
"8/15/2018 5:39:08 PM","DefaultAppDomain","53504"
"8/15/2018 5:32:47 PM","DefaultAppDomain","53504"
"8/15/2018 5:28:54 PM","DefaultAppDomain","53504"
