"TimeCreated","NameSpacename","Query","EventID"
"9/6/2018 10:28:42 PM","ROOT\CIMV2","SELECT * FROM Win32_ProcessStartTrace WHERE ProcessName = 'wsmprovhost.exe'","5860"
"9/6/2018 10:28:41 PM","ROOT\SecurityCenter","SELECT * FROM __InstanceOperationEvent WHERE TargetInstance ISA 'AntiVirusProduct' OR TargetInstance ISA 'FirewallProduct' OR TargetInstance ISA 'AntiSpywareProduct'","5860"
"9/6/2018 9:52:36 PM","ROOT\CIMV2","SELECT * FROM Win32_ProcessStartTrace WHERE ProcessName = 'wsmprovhost.exe'","5860"
"9/6/2018 9:38:42 PM","ROOT\CIMV2","SELECT * FROM Win32_ProcessStartTrace WHERE ProcessName = 'wsmprovhost.exe'","5860"
"9/6/2018 8:52:53 PM","ROOT\CIMV2","SELECT * FROM Win32_ProcessStartTrace WHERE ProcessName = 'wsmprovhost.exe'","5860"
"9/6/2018 7:52:18 PM","ROOT\CIMV2","SELECT * FROM Win32_ProcessStartTrace WHERE ProcessName = 'wsmprovhost.exe'","5860"
"9/6/2018 6:52:14 PM","ROOT\CIMV2","SELECT * FROM Win32_ProcessStartTrace WHERE ProcessName = 'wsmprovhost.exe'","5860"
"9/6/2018 5:52:10 PM","ROOT\CIMV2","SELECT * FROM Win32_ProcessStartTrace WHERE ProcessName = 'wsmprovhost.exe'","5860"
"9/6/2018 4:52:27 PM","ROOT\CIMV2","SELECT * FROM Win32_ProcessStartTrace WHERE ProcessName = 'wsmprovhost.exe'","5860"
"9/6/2018 3:50:01 PM","ROOT\CIMV2","SELECT * FROM Win32_ProcessStartTrace WHERE ProcessName = 'wsmprovhost.exe'","5860"
"9/6/2018 2:49:56 PM","ROOT\CIMV2","SELECT * FROM Win32_ProcessStartTrace WHERE ProcessName = 'wsmprovhost.exe'","5860"
"9/6/2018 1:49:52 PM","ROOT\CIMV2","SELECT * FROM Win32_ProcessStartTrace WHERE ProcessName = 'wsmprovhost.exe'","5860"
"9/6/2018 12:49:46 PM","ROOT\CIMV2","SELECT * FROM Win32_ProcessStartTrace WHERE ProcessName = 'wsmprovhost.exe'","5860"
"9/6/2018 12:35:43 PM","ROOT\CIMV2","SELECT * FROM Win32_ProcessStartTrace WHERE ProcessName = 'wsmprovhost.exe'","5860"
"9/6/2018 11:49:44 AM","ROOT\CIMV2","SELECT * FROM Win32_ProcessStartTrace WHERE ProcessName = 'wsmprovhost.exe'","5860"
"9/6/2018 10:49:40 AM","ROOT\CIMV2","SELECT * FROM Win32_ProcessStartTrace WHERE ProcessName = 'wsmprovhost.exe'","5860"
"9/6/2018 9:49:36 AM","ROOT\CIMV2","SELECT * FROM Win32_ProcessStartTrace WHERE ProcessName = 'wsmprovhost.exe'","5860"
"9/6/2018 8:49:31 AM","ROOT\CIMV2","SELECT * FROM Win32_ProcessStartTrace WHERE ProcessName = 'wsmprovhost.exe'","5860"
"9/6/2018 7:49:27 AM","ROOT\CIMV2","SELECT * FROM Win32_ProcessStartTrace WHERE ProcessName = 'wsmprovhost.exe'","5860"
"9/6/2018 6:49:23 AM","ROOT\CIMV2","SELECT * FROM Win32_ProcessStartTrace WHERE ProcessName = 'wsmprovhost.exe'","5860"
"9/6/2018 5:49:19 AM","ROOT\CIMV2","SELECT * FROM Win32_ProcessStartTrace WHERE ProcessName = 'wsmprovhost.exe'","5860"
"9/6/2018 4:49:15 AM","ROOT\CIMV2","SELECT * FROM Win32_ProcessStartTrace WHERE ProcessName = 'wsmprovhost.exe'","5860"
"9/6/2018 3:49:11 AM","ROOT\CIMV2","SELECT * FROM Win32_ProcessStartTrace WHERE ProcessName = 'wsmprovhost.exe'","5860"
"9/6/2018 2:49:06 AM","ROOT\CIMV2","SELECT * FROM Win32_ProcessStartTrace WHERE ProcessName = 'wsmprovhost.exe'","5860"
"9/6/2018 1:49:02 AM","ROOT\CIMV2","SELECT * FROM Win32_ProcessStartTrace WHERE ProcessName = 'wsmprovhost.exe'","5860"
"9/6/2018 12:48:59 AM","ROOT\CIMV2","SELECT * FROM Win32_ProcessStartTrace WHERE ProcessName = 'wsmprovhost.exe'","5860"
"9/5/2018 11:48:54 PM","ROOT\CIMV2","SELECT * FROM Win32_ProcessStartTrace WHERE ProcessName = 'wsmprovhost.exe'","5860"
"9/5/2018 10:48:50 PM","ROOT\CIMV2","SELECT * FROM Win32_ProcessStartTrace WHERE ProcessName = 'wsmprovhost.exe'","5860"
"9/5/2018 9:48:38 PM","ROOT\CIMV2","SELECT * FROM Win32_ProcessStartTrace WHERE ProcessName = 'wsmprovhost.exe'","5860"
"9/5/2018 9:36:16 PM","ROOT\CIMV2","SELECT * FROM Win32_ProcessStartTrace WHERE ProcessName = 'wsmprovhost.exe'","5860"
"9/5/2018 8:48:34 PM","ROOT\CIMV2","SELECT * FROM Win32_ProcessStartTrace WHERE ProcessName = 'wsmprovhost.exe'","5860"
"9/5/2018 8:26:25 PM","ROOT\CIMV2","SELECT * FROM Win32_ProcessStartTrace WHERE ProcessName = 'wsmprovhost.exe'","5860"
"9/5/2018 7:48:30 PM","ROOT\CIMV2","SELECT * FROM Win32_ProcessStartTrace WHERE ProcessName = 'wsmprovhost.exe'","5860"
"9/5/2018 6:48:26 PM","ROOT\CIMV2","SELECT * FROM Win32_ProcessStartTrace WHERE ProcessName = 'wsmprovhost.exe'","5860"
"9/5/2018 5:48:23 PM","ROOT\CIMV2","SELECT * FROM Win32_ProcessStartTrace WHERE ProcessName = 'wsmprovhost.exe'","5860"
"9/5/2018 3:08:28 PM","ROOT\CIMV2","SELECT * FROM Win32_ProcessStartTrace WHERE ProcessName = 'wsmprovhost.exe'","5860"
"9/5/2018 2:48:10 PM","ROOT\CIMV2","SELECT * FROM Win32_ProcessStartTrace WHERE ProcessName = 'wsmprovhost.exe'","5860"
"9/5/2018 2:29:53 PM","ROOT\CIMV2","SELECT * FROM Win32_ProcessStartTrace WHERE ProcessName = 'wsmprovhost.exe'","5860"
"9/5/2018 1:52:19 PM","ROOT\CIMV2","SELECT * FROM Win32_ProcessStartTrace WHERE ProcessName = 'wsmprovhost.exe'","5860"
"9/5/2018 1:48:06 PM","ROOT\CIMV2","SELECT * FROM Win32_ProcessStartTrace WHERE ProcessName = 'wsmprovhost.exe'","5860"
"9/5/2018 12:48:02 PM","ROOT\CIMV2","SELECT * FROM Win32_ProcessStartTrace WHERE ProcessName = 'wsmprovhost.exe'","5860"
"9/5/2018 11:47:58 AM","ROOT\CIMV2","SELECT * FROM Win32_ProcessStartTrace WHERE ProcessName = 'wsmprovhost.exe'","5860"
"9/5/2018 10:47:54 AM","ROOT\CIMV2","SELECT * FROM Win32_ProcessStartTrace WHERE ProcessName = 'wsmprovhost.exe'","5860"
"9/5/2018 9:47:50 AM","ROOT\CIMV2","SELECT * FROM Win32_ProcessStartTrace WHERE ProcessName = 'wsmprovhost.exe'","5860"
"9/5/2018 8:47:47 AM","ROOT\CIMV2","SELECT * FROM Win32_ProcessStartTrace WHERE ProcessName = 'wsmprovhost.exe'","5860"
"9/5/2018 7:47:42 AM","ROOT\CIMV2","SELECT * FROM Win32_ProcessStartTrace WHERE ProcessName = 'wsmprovhost.exe'","5860"
"9/5/2018 6:47:39 AM","ROOT\CIMV2","SELECT * FROM Win32_ProcessStartTrace WHERE ProcessName = 'wsmprovhost.exe'","5860"
"9/5/2018 5:47:31 AM","ROOT\CIMV2","SELECT * FROM Win32_ProcessStartTrace WHERE ProcessName = 'wsmprovhost.exe'","5860"
"9/5/2018 4:47:31 AM","ROOT\CIMV2","SELECT * FROM Win32_ProcessStartTrace WHERE ProcessName = 'wsmprovhost.exe'","5860"
"9/5/2018 3:47:27 AM","ROOT\CIMV2","SELECT * FROM Win32_ProcessStartTrace WHERE ProcessName = 'wsmprovhost.exe'","5860"
"9/5/2018 2:47:23 AM","ROOT\CIMV2","SELECT * FROM Win32_ProcessStartTrace WHERE ProcessName = 'wsmprovhost.exe'","5860"
"9/5/2018 1:47:19 AM","ROOT\CIMV2","SELECT * FROM Win32_ProcessStartTrace WHERE ProcessName = 'wsmprovhost.exe'","5860"
"9/5/2018 12:47:15 AM","ROOT\CIMV2","SELECT * FROM Win32_ProcessStartTrace WHERE ProcessName = 'wsmprovhost.exe'","5860"
"9/5/2018 12:30:44 AM","ROOT\CIMV2","SELECT * FROM Win32_ProcessStartTrace WHERE ProcessName = 'wsmprovhost.exe'","5860"
"9/4/2018 11:47:11 PM","ROOT\CIMV2","SELECT * FROM Win32_ProcessStartTrace WHERE ProcessName = 'wsmprovhost.exe'","5860"
"9/4/2018 10:47:27 PM","ROOT\CIMV2","SELECT * FROM Win32_ProcessStartTrace WHERE ProcessName = 'wsmprovhost.exe'","5860"
"9/4/2018 9:47:23 PM","ROOT\CIMV2","SELECT * FROM Win32_ProcessStartTrace WHERE ProcessName = 'wsmprovhost.exe'","5860"
"9/4/2018 9:36:15 PM","ROOT\CIMV2","SELECT * FROM Win32_ProcessStartTrace WHERE ProcessName = 'wsmprovhost.exe'","5860"
"9/4/2018 8:47:19 PM","ROOT\CIMV2","SELECT * FROM Win32_ProcessStartTrace WHERE ProcessName = 'wsmprovhost.exe'","5860"
"9/4/2018 7:47:15 PM","ROOT\CIMV2","SELECT * FROM Win32_ProcessStartTrace WHERE ProcessName = 'wsmprovhost.exe'","5860"
"9/4/2018 6:47:12 PM","ROOT\CIMV2","SELECT * FROM Win32_ProcessStartTrace WHERE ProcessName = 'wsmprovhost.exe'","5860"
"9/4/2018 6:07:52 PM","ROOT\CIMV2","SELECT * FROM Win32_ProcessStartTrace WHERE ProcessName = 'wsmprovhost.exe'","5860"
"9/4/2018 5:47:08 PM","ROOT\CIMV2","SELECT * FROM Win32_ProcessStartTrace WHERE ProcessName = 'wsmprovhost.exe'","5860"
"9/4/2018 4:47:04 PM","ROOT\CIMV2","SELECT * FROM Win32_ProcessStartTrace WHERE ProcessName = 'wsmprovhost.exe'","5860"
"9/4/2018 3:46:37 PM","ROOT\CIMV2","SELECT * FROM Win32_ProcessStartTrace WHERE ProcessName = 'wsmprovhost.exe'","5860"
"9/4/2018 2:46:33 PM","ROOT\CIMV2","SELECT * FROM Win32_ProcessStartTrace WHERE ProcessName = 'wsmprovhost.exe'","5860"
"9/4/2018 1:46:29 PM","ROOT\CIMV2","SELECT * FROM Win32_ProcessStartTrace WHERE ProcessName = 'wsmprovhost.exe'","5860"
"9/4/2018 12:46:25 PM","ROOT\CIMV2","SELECT * FROM Win32_ProcessStartTrace WHERE ProcessName = 'wsmprovhost.exe'","5860"
"9/4/2018 11:46:21 AM","ROOT\CIMV2","SELECT * FROM Win32_ProcessStartTrace WHERE ProcessName = 'wsmprovhost.exe'","5860"
"9/4/2018 10:46:17 AM","ROOT\CIMV2","SELECT * FROM Win32_ProcessStartTrace WHERE ProcessName = 'wsmprovhost.exe'","5860"
"9/4/2018 9:46:13 AM","ROOT\CIMV2","SELECT * FROM Win32_ProcessStartTrace WHERE ProcessName = 'wsmprovhost.exe'","5860"
"9/4/2018 8:46:09 AM","ROOT\CIMV2","SELECT * FROM Win32_ProcessStartTrace WHERE ProcessName = 'wsmprovhost.exe'","5860"
"9/4/2018 7:46:05 AM","ROOT\CIMV2","SELECT * FROM Win32_ProcessStartTrace WHERE ProcessName = 'wsmprovhost.exe'","5860"
"9/4/2018 6:46:01 AM","ROOT\CIMV2","SELECT * FROM Win32_ProcessStartTrace WHERE ProcessName = 'wsmprovhost.exe'","5860"
"9/4/2018 5:45:58 AM","ROOT\CIMV2","SELECT * FROM Win32_ProcessStartTrace WHERE ProcessName = 'wsmprovhost.exe'","5860"
"9/4/2018 4:45:53 AM","ROOT\CIMV2","SELECT * FROM Win32_ProcessStartTrace WHERE ProcessName = 'wsmprovhost.exe'","5860"
"9/4/2018 4:35:43 AM","ROOT\CIMV2","SELECT * FROM Win32_ProcessStartTrace WHERE ProcessName = 'wsmprovhost.exe'","5860"
"9/4/2018 3:45:49 AM","ROOT\CIMV2","SELECT * FROM Win32_ProcessStartTrace WHERE ProcessName = 'wsmprovhost.exe'","5860"
"9/4/2018 2:45:45 AM","ROOT\CIMV2","SELECT * FROM Win32_ProcessStartTrace WHERE ProcessName = 'wsmprovhost.exe'","5860"
"9/4/2018 1:45:41 AM","ROOT\CIMV2","SELECT * FROM Win32_ProcessStartTrace WHERE ProcessName = 'wsmprovhost.exe'","5860"
"9/4/2018 12:45:38 AM","ROOT\CIMV2","SELECT * FROM Win32_ProcessStartTrace WHERE ProcessName = 'wsmprovhost.exe'","5860"
"9/4/2018 12:30:44 AM","ROOT\CIMV2","SELECT * FROM Win32_ProcessStartTrace WHERE ProcessName = 'wsmprovhost.exe'","5860"
"9/3/2018 11:45:33 PM","ROOT\CIMV2","SELECT * FROM Win32_ProcessStartTrace WHERE ProcessName = 'wsmprovhost.exe'","5860"
"9/3/2018 10:45:30 PM","ROOT\CIMV2","SELECT * FROM Win32_ProcessStartTrace WHERE ProcessName = 'wsmprovhost.exe'","5860"
"9/3/2018 9:45:26 PM","ROOT\CIMV2","SELECT * FROM Win32_ProcessStartTrace WHERE ProcessName = 'wsmprovhost.exe'","5860"
"9/3/2018 9:35:45 PM","ROOT\CIMV2","SELECT * FROM Win32_ProcessStartTrace WHERE ProcessName = 'wsmprovhost.exe'","5860"
"9/3/2018 8:45:22 PM","ROOT\CIMV2","SELECT * FROM Win32_ProcessStartTrace WHERE ProcessName = 'wsmprovhost.exe'","5860"
"9/3/2018 7:45:18 PM","ROOT\CIMV2","SELECT * FROM Win32_ProcessStartTrace WHERE ProcessName = 'wsmprovhost.exe'","5860"
"9/3/2018 6:45:14 PM","ROOT\CIMV2","SELECT * FROM Win32_ProcessStartTrace WHERE ProcessName = 'wsmprovhost.exe'","5860"
"9/3/2018 5:45:11 PM","ROOT\CIMV2","SELECT * FROM Win32_ProcessStartTrace WHERE ProcessName = 'wsmprovhost.exe'","5860"
"9/3/2018 4:45:06 PM","ROOT\CIMV2","SELECT * FROM Win32_ProcessStartTrace WHERE ProcessName = 'wsmprovhost.exe'","5860"
"9/3/2018 3:59:59 PM","ROOT\CIMV2","SELECT * FROM Win32_ProcessStartTrace WHERE ProcessName = 'wsmprovhost.exe'","5860"
"9/3/2018 3:45:02 PM","ROOT\CIMV2","SELECT * FROM Win32_ProcessStartTrace WHERE ProcessName = 'wsmprovhost.exe'","5860"
"9/3/2018 2:44:58 PM","ROOT\CIMV2","SELECT * FROM Win32_ProcessStartTrace WHERE ProcessName = 'wsmprovhost.exe'","5860"
"9/3/2018 1:44:54 PM","ROOT\CIMV2","SELECT * FROM Win32_ProcessStartTrace WHERE ProcessName = 'wsmprovhost.exe'","5860"
"9/3/2018 12:44:50 PM","ROOT\CIMV2","SELECT * FROM Win32_ProcessStartTrace WHERE ProcessName = 'wsmprovhost.exe'","5860"
"9/3/2018 11:44:46 AM","ROOT\CIMV2","SELECT * FROM Win32_ProcessStartTrace WHERE ProcessName = 'wsmprovhost.exe'","5860"
"9/3/2018 11:05:43 AM","ROOT\CIMV2","SELECT * FROM Win32_ProcessStartTrace WHERE ProcessName = 'wsmprovhost.exe'","5860"
"9/3/2018 10:44:43 AM","ROOT\CIMV2","SELECT * FROM Win32_ProcessStartTrace WHERE ProcessName = 'wsmprovhost.exe'","5860"
"9/3/2018 9:44:39 AM","ROOT\CIMV2","SELECT * FROM Win32_ProcessStartTrace WHERE ProcessName = 'wsmprovhost.exe'","5860"
"9/3/2018 8:44:35 AM","ROOT\CIMV2","SELECT * FROM Win32_ProcessStartTrace WHERE ProcessName = 'wsmprovhost.exe'","5860"
"9/3/2018 7:44:31 AM","ROOT\CIMV2","SELECT * FROM Win32_ProcessStartTrace WHERE ProcessName = 'wsmprovhost.exe'","5860"
"9/3/2018 6:44:27 AM","ROOT\CIMV2","SELECT * FROM Win32_ProcessStartTrace WHERE ProcessName = 'wsmprovhost.exe'","5860"
"9/3/2018 5:44:13 AM","ROOT\CIMV2","SELECT * FROM Win32_ProcessStartTrace WHERE ProcessName = 'wsmprovhost.exe'","5860"
"9/3/2018 4:44:09 AM","ROOT\CIMV2","SELECT * FROM Win32_ProcessStartTrace WHERE ProcessName = 'wsmprovhost.exe'","5860"
"9/3/2018 3:44:08 AM","ROOT\CIMV2","SELECT * FROM Win32_ProcessStartTrace WHERE ProcessName = 'wsmprovhost.exe'","5860"
"9/3/2018 2:44:08 AM","ROOT\CIMV2","SELECT * FROM Win32_ProcessStartTrace WHERE ProcessName = 'wsmprovhost.exe'","5860"
"9/3/2018 1:44:07 AM","ROOT\CIMV2","SELECT * FROM Win32_ProcessStartTrace WHERE ProcessName = 'wsmprovhost.exe'","5860"
"9/3/2018 12:44:04 AM","ROOT\CIMV2","SELECT * FROM Win32_ProcessStartTrace WHERE ProcessName = 'wsmprovhost.exe'","5860"
"9/2/2018 11:43:59 PM","ROOT\CIMV2","SELECT * FROM Win32_ProcessStartTrace WHERE ProcessName = 'wsmprovhost.exe'","5860"
"9/2/2018 10:43:56 PM","ROOT\CIMV2","SELECT * FROM Win32_ProcessStartTrace WHERE ProcessName = 'wsmprovhost.exe'","5860"
"9/2/2018 9:43:52 PM","ROOT\CIMV2","SELECT * FROM Win32_ProcessStartTrace WHERE ProcessName = 'wsmprovhost.exe'","5860"
"9/2/2018 9:35:38 PM","ROOT\CIMV2","SELECT * FROM Win32_ProcessStartTrace WHERE ProcessName = 'wsmprovhost.exe'","5860"
"9/2/2018 8:43:48 PM","ROOT\CIMV2","SELECT * FROM Win32_ProcessStartTrace WHERE ProcessName = 'wsmprovhost.exe'","5860"
"9/2/2018 8:14:33 PM","ROOT\CIMV2","SELECT * FROM Win32_ProcessStartTrace WHERE ProcessName = 'wsmprovhost.exe'","5860"
"9/2/2018 7:43:44 PM","ROOT\CIMV2","SELECT * FROM Win32_ProcessStartTrace WHERE ProcessName = 'wsmprovhost.exe'","5860"
"9/2/2018 6:43:40 PM","ROOT\CIMV2","SELECT * FROM Win32_ProcessStartTrace WHERE ProcessName = 'wsmprovhost.exe'","5860"
"9/2/2018 5:43:36 PM","ROOT\CIMV2","SELECT * FROM Win32_ProcessStartTrace WHERE ProcessName = 'wsmprovhost.exe'","5860"
"9/2/2018 4:43:32 PM","ROOT\CIMV2","SELECT * FROM Win32_ProcessStartTrace WHERE ProcessName = 'wsmprovhost.exe'","5860"
"9/2/2018 3:43:28 PM","ROOT\CIMV2","SELECT * FROM Win32_ProcessStartTrace WHERE ProcessName = 'wsmprovhost.exe'","5860"
"9/2/2018 2:43:24 PM","ROOT\CIMV2","SELECT * FROM Win32_ProcessStartTrace WHERE ProcessName = 'wsmprovhost.exe'","5860"
"9/2/2018 1:43:20 PM","ROOT\CIMV2","SELECT * FROM Win32_ProcessStartTrace WHERE ProcessName = 'wsmprovhost.exe'","5860"
"9/2/2018 12:43:16 PM","ROOT\CIMV2","SELECT * FROM Win32_ProcessStartTrace WHERE ProcessName = 'wsmprovhost.exe'","5860"
"9/2/2018 11:43:12 AM","ROOT\CIMV2","SELECT * FROM Win32_ProcessStartTrace WHERE ProcessName = 'wsmprovhost.exe'","5860"
"9/2/2018 10:43:08 AM","ROOT\CIMV2","SELECT * FROM Win32_ProcessStartTrace WHERE ProcessName = 'wsmprovhost.exe'","5860"
"9/2/2018 9:43:04 AM","ROOT\CIMV2","SELECT * FROM Win32_ProcessStartTrace WHERE ProcessName = 'wsmprovhost.exe'","5860"
"9/2/2018 8:43:00 AM","ROOT\CIMV2","SELECT * FROM Win32_ProcessStartTrace WHERE ProcessName = 'wsmprovhost.exe'","5860"
"9/2/2018 7:42:56 AM","ROOT\CIMV2","SELECT * FROM Win32_ProcessStartTrace WHERE ProcessName = 'wsmprovhost.exe'","5860"
"9/2/2018 6:42:52 AM","ROOT\CIMV2","SELECT * FROM Win32_ProcessStartTrace WHERE ProcessName = 'wsmprovhost.exe'","5860"
"9/2/2018 5:42:48 AM","ROOT\CIMV2","SELECT * FROM Win32_ProcessStartTrace WHERE ProcessName = 'wsmprovhost.exe'","5860"
"9/2/2018 4:42:44 AM","ROOT\CIMV2","SELECT * FROM Win32_ProcessStartTrace WHERE ProcessName = 'wsmprovhost.exe'","5860"
"9/2/2018 3:42:41 AM","ROOT\CIMV2","SELECT * FROM Win32_ProcessStartTrace WHERE ProcessName = 'wsmprovhost.exe'","5860"
"9/2/2018 2:42:36 AM","ROOT\CIMV2","SELECT * FROM Win32_ProcessStartTrace WHERE ProcessName = 'wsmprovhost.exe'","5860"
"9/2/2018 1:42:33 AM","ROOT\CIMV2","SELECT * FROM Win32_ProcessStartTrace WHERE ProcessName = 'wsmprovhost.exe'","5860"
"9/2/2018 12:42:29 AM","ROOT\CIMV2","SELECT * FROM Win32_ProcessStartTrace WHERE ProcessName = 'wsmprovhost.exe'","5860"
"9/2/2018 12:30:44 AM","ROOT\CIMV2","SELECT * FROM Win32_ProcessStartTrace WHERE ProcessName = 'wsmprovhost.exe'","5860"
"9/1/2018 11:42:25 PM","ROOT\CIMV2","SELECT * FROM Win32_ProcessStartTrace WHERE ProcessName = 'wsmprovhost.exe'","5860"
"9/1/2018 10:42:22 PM","ROOT\CIMV2","SELECT * FROM Win32_ProcessStartTrace WHERE ProcessName = 'wsmprovhost.exe'","5860"
"9/1/2018 9:42:17 PM","ROOT\CIMV2","SELECT * FROM Win32_ProcessStartTrace WHERE ProcessName = 'wsmprovhost.exe'","5860"
"9/1/2018 9:35:30 PM","ROOT\CIMV2","SELECT * FROM Win32_ProcessStartTrace WHERE ProcessName = 'wsmprovhost.exe'","5860"
"9/1/2018 8:42:13 PM","ROOT\CIMV2","SELECT * FROM Win32_ProcessStartTrace WHERE ProcessName = 'wsmprovhost.exe'","5860"
"9/1/2018 7:42:09 PM","ROOT\CIMV2","SELECT * FROM Win32_ProcessStartTrace WHERE ProcessName = 'wsmprovhost.exe'","5860"
"9/1/2018 6:42:05 PM","ROOT\CIMV2","SELECT * FROM Win32_ProcessStartTrace WHERE ProcessName = 'wsmprovhost.exe'","5860"
"9/1/2018 5:42:01 PM","ROOT\CIMV2","SELECT * FROM Win32_ProcessStartTrace WHERE ProcessName = 'wsmprovhost.exe'","5860"
"9/1/2018 4:41:58 PM","ROOT\CIMV2","SELECT * FROM Win32_ProcessStartTrace WHERE ProcessName = 'wsmprovhost.exe'","5860"
"9/1/2018 3:41:54 PM","ROOT\CIMV2","SELECT * FROM Win32_ProcessStartTrace WHERE ProcessName = 'wsmprovhost.exe'","5860"
"9/1/2018 2:41:50 PM","ROOT\CIMV2","SELECT * FROM Win32_ProcessStartTrace WHERE ProcessName = 'wsmprovhost.exe'","5860"
"9/1/2018 1:41:46 PM","ROOT\CIMV2","SELECT * FROM Win32_ProcessStartTrace WHERE ProcessName = 'wsmprovhost.exe'","5860"
"9/1/2018 12:47:47 PM","ROOT\CIMV2","SELECT * FROM Win32_ProcessStartTrace WHERE ProcessName = 'wsmprovhost.exe'","5860"
"9/1/2018 12:41:42 PM","ROOT\CIMV2","SELECT * FROM Win32_ProcessStartTrace WHERE ProcessName = 'wsmprovhost.exe'","5860"
"9/1/2018 11:41:37 AM","ROOT\CIMV2","SELECT * FROM Win32_ProcessStartTrace WHERE ProcessName = 'wsmprovhost.exe'","5860"
"9/1/2018 10:41:33 AM","ROOT\CIMV2","SELECT * FROM Win32_ProcessStartTrace WHERE ProcessName = 'wsmprovhost.exe'","5860"
"9/1/2018 9:41:30 AM","ROOT\CIMV2","SELECT * FROM Win32_ProcessStartTrace WHERE ProcessName = 'wsmprovhost.exe'","5860"
"9/1/2018 8:41:26 AM","ROOT\CIMV2","SELECT * FROM Win32_ProcessStartTrace WHERE ProcessName = 'wsmprovhost.exe'","5860"
"9/1/2018 7:41:22 AM","ROOT\CIMV2","SELECT * FROM Win32_ProcessStartTrace WHERE ProcessName = 'wsmprovhost.exe'","5860"
"9/1/2018 6:41:18 AM","ROOT\CIMV2","SELECT * FROM Win32_ProcessStartTrace WHERE ProcessName = 'wsmprovhost.exe'","5860"
"9/1/2018 5:41:13 AM","ROOT\CIMV2","SELECT * FROM Win32_ProcessStartTrace WHERE ProcessName = 'wsmprovhost.exe'","5860"
"9/1/2018 4:41:10 AM","ROOT\CIMV2","SELECT * FROM Win32_ProcessStartTrace WHERE ProcessName = 'wsmprovhost.exe'","5860"
"9/1/2018 3:41:05 AM","ROOT\CIMV2","SELECT * FROM Win32_ProcessStartTrace WHERE ProcessName = 'wsmprovhost.exe'","5860"
"9/1/2018 3:05:42 AM","ROOT\CIMV2","SELECT * FROM Win32_ProcessStartTrace WHERE ProcessName = 'wsmprovhost.exe'","5860"
"9/1/2018 2:41:01 AM","ROOT\CIMV2","SELECT * FROM Win32_ProcessStartTrace WHERE ProcessName = 'wsmprovhost.exe'","5860"
"9/1/2018 1:40:57 AM","ROOT\CIMV2","SELECT * FROM Win32_ProcessStartTrace WHERE ProcessName = 'wsmprovhost.exe'","5860"
"9/1/2018 12:40:53 AM","ROOT\CIMV2","SELECT * FROM Win32_ProcessStartTrace WHERE ProcessName = 'wsmprovhost.exe'","5860"
"8/31/2018 11:40:49 PM","ROOT\CIMV2","SELECT * FROM Win32_ProcessStartTrace WHERE ProcessName = 'wsmprovhost.exe'","5860"
"8/31/2018 10:40:46 PM","ROOT\CIMV2","SELECT * FROM Win32_ProcessStartTrace WHERE ProcessName = 'wsmprovhost.exe'","5860"
"8/31/2018 10:16:32 PM","ROOT\CIMV2","SELECT * FROM Win32_ProcessStartTrace WHERE ProcessName = 'wsmprovhost.exe'","5860"
"8/31/2018 9:40:42 PM","ROOT\CIMV2","SELECT * FROM Win32_ProcessStartTrace WHERE ProcessName = 'wsmprovhost.exe'","5860"
"8/31/2018 9:35:23 PM","ROOT\CIMV2","SELECT * FROM Win32_ProcessStartTrace WHERE ProcessName = 'wsmprovhost.exe'","5860"
"8/31/2018 8:34:09 PM","ROOT\CIMV2","SELECT * FROM Win32_ProcessStartTrace WHERE ProcessName = 'wsmprovhost.exe'","5860"
"8/31/2018 7:40:34 PM","ROOT\CIMV2","SELECT * FROM Win32_ProcessStartTrace WHERE ProcessName = 'wsmprovhost.exe'","5860"
"8/31/2018 6:40:30 PM","ROOT\CIMV2","SELECT * FROM Win32_ProcessStartTrace WHERE ProcessName = 'wsmprovhost.exe'","5860"
"8/31/2018 5:40:26 PM","ROOT\CIMV2","SELECT * FROM Win32_ProcessStartTrace WHERE ProcessName = 'wsmprovhost.exe'","5860"
"8/31/2018 5:21:50 PM","ROOT\CIMV2","SELECT * FROM Win32_ProcessStartTrace WHERE ProcessName = 'wsmprovhost.exe'","5860"
"8/31/2018 4:53:13 PM","ROOT\CIMV2","SELECT * FROM Win32_ProcessStartTrace WHERE ProcessName = 'wsmprovhost.exe'","5860"
"8/31/2018 4:40:22 PM","ROOT\CIMV2","SELECT * FROM Win32_ProcessStartTrace WHERE ProcessName = 'wsmprovhost.exe'","5860"
"8/31/2018 3:40:18 PM","ROOT\CIMV2","SELECT * FROM Win32_ProcessStartTrace WHERE ProcessName = 'wsmprovhost.exe'","5860"
"8/31/2018 2:40:14 PM","ROOT\CIMV2","SELECT * FROM Win32_ProcessStartTrace WHERE ProcessName = 'wsmprovhost.exe'","5860"
"8/31/2018 1:40:10 PM","ROOT\CIMV2","SELECT * FROM Win32_ProcessStartTrace WHERE ProcessName = 'wsmprovhost.exe'","5860"
"8/31/2018 12:40:06 PM","ROOT\CIMV2","SELECT * FROM Win32_ProcessStartTrace WHERE ProcessName = 'wsmprovhost.exe'","5860"
"8/31/2018 11:40:02 AM","ROOT\CIMV2","SELECT * FROM Win32_ProcessStartTrace WHERE ProcessName = 'wsmprovhost.exe'","5860"
"8/31/2018 10:39:59 AM","ROOT\CIMV2","SELECT * FROM Win32_ProcessStartTrace WHERE ProcessName = 'wsmprovhost.exe'","5860"
"8/31/2018 9:39:55 AM","ROOT\CIMV2","SELECT * FROM Win32_ProcessStartTrace WHERE ProcessName = 'wsmprovhost.exe'","5860"
"8/31/2018 9:35:43 AM","ROOT\CIMV2","SELECT * FROM Win32_ProcessStartTrace WHERE ProcessName = 'wsmprovhost.exe'","5860"
"8/31/2018 8:39:51 AM","ROOT\CIMV2","SELECT * FROM Win32_ProcessStartTrace WHERE ProcessName = 'wsmprovhost.exe'","5860"
"8/31/2018 7:39:36 AM","ROOT\CIMV2","SELECT * FROM Win32_ProcessStartTrace WHERE ProcessName = 'wsmprovhost.exe'","5860"
"8/31/2018 6:39:34 AM","ROOT\CIMV2","SELECT * FROM Win32_ProcessStartTrace WHERE ProcessName = 'wsmprovhost.exe'","5860"
"8/31/2018 5:39:39 AM","ROOT\CIMV2","SELECT * FROM Win32_ProcessStartTrace WHERE ProcessName = 'wsmprovhost.exe'","5860"
"8/31/2018 4:39:35 AM","ROOT\CIMV2","SELECT * FROM Win32_ProcessStartTrace WHERE ProcessName = 'wsmprovhost.exe'","5860"
"8/31/2018 3:39:41 AM","ROOT\CIMV2","SELECT * FROM Win32_ProcessStartTrace WHERE ProcessName = 'wsmprovhost.exe'","5860"
"8/31/2018 2:39:30 AM","ROOT\CIMV2","SELECT * FROM Win32_ProcessStartTrace WHERE ProcessName = 'wsmprovhost.exe'","5860"
"8/31/2018 1:39:30 AM","ROOT\CIMV2","SELECT * FROM Win32_ProcessStartTrace WHERE ProcessName = 'wsmprovhost.exe'","5860"
"8/31/2018 12:39:30 AM","ROOT\CIMV2","SELECT * FROM Win32_ProcessStartTrace WHERE ProcessName = 'wsmprovhost.exe'","5860"
"8/31/2018 12:30:44 AM","ROOT\CIMV2","SELECT * FROM Win32_ProcessStartTrace WHERE ProcessName = 'wsmprovhost.exe'","5860"
"8/30/2018 11:39:26 PM","ROOT\CIMV2","SELECT * FROM Win32_ProcessStartTrace WHERE ProcessName = 'wsmprovhost.exe'","5860"
"8/30/2018 10:39:10 PM","ROOT\CIMV2","SELECT * FROM Win32_ProcessStartTrace WHERE ProcessName = 'wsmprovhost.exe'","5860"
"8/30/2018 9:39:09 PM","ROOT\CIMV2","SELECT * FROM Win32_ProcessStartTrace WHERE ProcessName = 'wsmprovhost.exe'","5860"
"8/30/2018 9:35:16 PM","ROOT\CIMV2","SELECT * FROM Win32_ProcessStartTrace WHERE ProcessName = 'wsmprovhost.exe'","5860"
"8/30/2018 8:39:09 PM","ROOT\CIMV2","SELECT * FROM Win32_ProcessStartTrace WHERE ProcessName = 'wsmprovhost.exe'","5860"
"8/30/2018 7:38:14 PM","ROOT\CIMV2","SELECT * FROM Win32_ProcessStartTrace WHERE ProcessName = 'wsmprovhost.exe'","5860"
"8/30/2018 3:55:03 PM","ROOT\SecurityCenter","SELECT * FROM __InstanceOperationEvent WHERE TargetInstance ISA 'AntiVirusProduct' OR TargetInstance ISA 'FirewallProduct' OR TargetInstance ISA 'AntiSpywareProduct'","5860"
"8/30/2018 3:55:01 PM","ROOT\CIMV2","SELECT * FROM Win32_ProcessStartTrace WHERE ProcessName = 'wsmprovhost.exe'","5860"
"8/7/2018 6:07:56 PM","ROOT\CIMV2","SELECT * FROM Win32_ProcessStartTrace WHERE ProcessName = 'wsmprovhost.exe'","5860"
"8/7/2018 5:29:13 PM","ROOT\CIMV2","SELECT * FROM Win32_ProcessStartTrace WHERE ProcessName = 'wsmprovhost.exe'","5860"
"8/7/2018 3:04:31 PM","ROOT\CIMV2","SELECT * FROM Win32_ProcessStartTrace WHERE ProcessName = 'wsmprovhost.exe'","5860"
"8/7/2018 12:29:11 PM","ROOT\CIMV2","SELECT * FROM Win32_ProcessStartTrace WHERE ProcessName = 'wsmprovhost.exe'","5860"
"8/7/2018 11:33:56 AM","ROOT\CIMV2","SELECT * FROM Win32_ProcessStartTrace WHERE ProcessName = 'wsmprovhost.exe'","5860"
"8/7/2018 2:29:09 AM","ROOT\CIMV2","SELECT * FROM Win32_ProcessStartTrace WHERE ProcessName = 'wsmprovhost.exe'","5860"
"8/6/2018 9:34:31 PM","ROOT\CIMV2","SELECT * FROM Win32_ProcessStartTrace WHERE ProcessName = 'wsmprovhost.exe'","5860"
"8/6/2018 9:30:14 PM","ROOT\CIMV2","SELECT * FROM Win32_ProcessStartTrace WHERE ProcessName = 'wsmprovhost.exe'","5860"
"8/6/2018 9:23:38 PM","ROOT\SecurityCenter","SELECT * FROM __InstanceOperationEvent WHERE TargetInstance ISA 'AntiVirusProduct' OR TargetInstance ISA 'FirewallProduct' OR TargetInstance ISA 'AntiSpywareProduct'","5860"
"8/6/2018 9:22:10 PM","ROOT\CIMV2","SELECT * FROM Win32_ProcessStartTrace WHERE ProcessName = 'wsmprovhost.exe'","5860"
